{
  "SpawnerDebug": 0,
  "DeleteLogs": 0,
  "ShSpObjectLocations": [
    {
      "name": "Arsteinen",
      "objects": ["Animal_Shark"],
      "number": 93,
      "pos": [
        "-87.011147 0 14741.185547",
        "200.865601 0 14965.625000",
        "564.778992 0 15069.457031",
        "1700.136230 0 15384.145508",
        "2864.026367 0 15239.382813",
        "4217.933594 0 14864.418945",
        "5950.760254 0 14183.838867",
        "6044.824219 0 13852.206055",
        "5084.785645 0 11882.764648",
        "4633.528809 0 11942.537109",
        "4109.029297 0 11900.364258",
        "3978.080078 0 12071.158203",
        "3685.935547 0 11845.671875",
        "3576.790771 0 11450.484375",
        "3503.468750 0 11126.193359",
        "3287.375488 0 10909.256836",
        "3055.461670 0 10683.721680",
        "2915.261475 0 10378.736328",
        "2788.791748 0 10051.053711",
        "2241.684570 0 9447.241211",
        "1860.714233 0 9300.463867",
        "1597.360107 0 9357.065430",
        "1179.267944 0 9118.482422",
        "815.334595 0 8951.613281",
        "515.974915 0 8709.504883",
        "196.499542 0 8576.650391",
        "134.306137 0 8447.537109",
        "991.356689 0 8390.445313",
        "1216.923950 0 7767.895996",
        "2494.941650 0 8488.166016",
        "2887.467041 0 8218.381836",
        "3242.741943 0 7382.857422",
        "3323.839600 0 6858.237793",
        "3726.779297 0 7299.023438",
        "4042.638184 0 7880.560059",
        "4315.562500 0 8091.970703",
        "4576.864258 0 8170.347168",
        "6205.424316 0 8424.287109",
        "6234.527832 0 8649.773438",
        "6276.445313 0 9103.589844",
        "6367.486328 0 9580.548828",
        "6603.416016 0 9663.376953",
        "6772.913574 0 9393.852539",
        "6946.928711 0 8696.354492",
        "7297.178711 0 8665.554688",
        "7745.789063 0 8691.351563",
        "8245.571289 0 8590.893555",
        "8655.238281 0 8185.787598",
        "8715.692383 0 7781.810059",
        "8937.447266 0 7644.844727",
        "9342.455078 0 7633.529297",
        "9753.327148 0 7667.258789",
        "9821.401367 0 7775.511719",
        "9652.254883 0 7904.909180",
        "9579.713867 0 8112.820313",
        "9727.583984 0 8417.705078",
        "9968.828125 0 8601.857422",
        "10044.977539 0 8927.880859",
        "10117.315430 0 9481.164063",
        "10284.272461 0 9907.081055",
        "10598.411133 0 10251.553711",
        "11106.091797 0 10623.934570",
        "11824.502930 0 10875.418945",
        "12857.294922 0 10520.096680",
        "9891.088867 0 6025.121582",
        "8488.245117 0 5727.183105",
        "8493.084961 0 5051.812500",
        "8266.565430 0 4613.458984",
        "7592.503418 0 4215.692383",
        "6965.417969 0 4047.903564",
        "5955.820313 0 3828.789307",
        "5345.092773 0 3776.083740",
        "5806.135254 0 3400.380615",
        "6289.094238 0 3076.764160",
        "6877.524414 0 3276.656006",
        "7409.961914 0 3577.366943",
        "7935.954590 0 3644.671875",
        "8273.671875 0 3321.500977",
        "8392.821289 0 2809.269775",
        "7525.699707 0 1815.277954",
        "7244.227539 0 1916.929443",
        "6853.210449 0 1824.806274",
        "6506.841309 0 1713.830566",
        "6020.811523 0 1622.895386",
        "5410.956543 0 1728.752197",
        "5380.950195 0 1384.719360",
        "6024.755859 0 771.463989",
        "6534.448730 0 548.989502",
        "6777.250000 0 250.571198",
        "7133.176758 0 339.224060"
      ]
    }
  ]
}
