{
    "ConfigVersion": "1",
    "LogsOn": 0,
    "DebugOn": 0,
    "DumpObjectLocations": 0,
    "SpawnChickenCoops": 1,
    "ChanceOfSpawn": 0.5,
    "NoFeathersLeftMessage": "It seems there are no feathers left...",
    "CoopTypes": [
        {
            "TypeName": "_chickencoop",
            "ObjectName": "Zen_ChickenCoop",
            "MinFeathers": 0,
            "MaxFeathers": 10,
            "MaxFeathersPerCollect": 3,
            "ChanceOfBleed": 0.05000000074505806,
            "DamageGloves": 5.0,
            "Offset": [
                0.0,
                0.0,
                0.0
            ],
            "Orient": [
                90.0,
                0.0,
                0.0
            ]
        },
        {
            "TypeName": "_hutch",
            "ObjectName": "Zen_ChickenCoop2",
            "MinFeathers": 0,
            "MaxFeathers": 30,
            "MaxFeathersPerCollect": 6,
            "ChanceOfBleed": 0.05000000074505806,
            "DamageGloves": 5.0,
            "Offset": [
                0.0,
                0.800000011920929,
                0.20000000298023225
            ],
            "Orient": [
                90.0,
                0.0,
                0.0
            ]
        }
    ],
    "CoopPositions": [
        {
            "TypeName": "_chickencoop",
            "Locations": [
                [
                    4701.703125,
                    452.61322021484377,
                    12851.033203125
                ],
                [
                    4926.1875,
                    3.469856023788452,
                    19869.98828125
                ],
                [
                    4932.28125,
                    3.439328193664551,
                    19864.134765625
                ],
                [
                    4936.671875,
                    3.439389228820801,
                    19868.080078125
                ],
                [
                    4943.890625,
                    3.4104223251342775,
                    19852.55078125
                ],
                [
                    4927.546875,
                    3.439389228820801,
                    19859.34375
                ],
                [
                    4942.203125,
                    3.441011428833008,
                    19862.349609375
                ],
                [
                    4937.796875,
                    3.440950393676758,
                    19858.404296875
                ],
                [
                    4921.453125,
                    3.469917058944702,
                    19865.197265625
                ],
                [
                    4933.0625,
                    3.441011428833008,
                    19853.611328125
                ],
                [
                    4939.15625,
                    3.4104833602905275,
                    19847.759765625
                ],
                [
                    4930.59375,
                    3.469917058944702,
                    19873.93359375
                ],
                [
                    4941.25,
                    3.439389228820801,
                    19872.568359375
                ],
                [
                    4939.796875,
                    3.4698941707611086,
                    19883.24609375
                ],
                [
                    4935.15625,
                    3.469917058944702,
                    19878.421875
                ],
                [
                    4952.859375,
                    3.4104833602905275,
                    19860.984375
                ],
                [
                    4948.28125,
                    3.4104833602905275,
                    19856.49609375
                ],
                [
                    4951.40625,
                    3.440988540649414,
                    19871.66015625
                ],
                [
                    4961.96875,
                    3.410353660583496,
                    19870.216796875
                ],
                [
                    4957.484375,
                    3.4104604721069338,
                    19865.806640625
                ],
                [
                    4946.765625,
                    3.441011428833008,
                    19866.837890625
                ],
                [
                    4958.8125,
                    3.4394044876098635,
                    19890.341796875
                ],
                [
                    4964.328125,
                    3.4410266876220705,
                    19884.611328125
                ],
                [
                    4970.421875,
                    3.41049861907959,
                    19878.7578125
                ],
                [
                    4960.1875,
                    3.4409351348876955,
                    19880.408203125
                ],
                [
                    4954.65625,
                    3.4393129348754885,
                    19886.138671875
                ],
                [
                    4948.578125,
                    3.4698407649993898,
                    19891.994140625
                ],
                [
                    4950.375,
                    3.4392595291137697,
                    19881.80078125
                ],
                [
                    4955.890625,
                    3.4408817291259767,
                    19876.0703125
                ],
                [
                    4952.71875,
                    3.4699323177337648,
                    19896.1953125
                ],
                [
                    4945.875,
                    3.439366340637207,
                    19877.390625
                ],
                [
                    4944.28125,
                    3.469787359237671,
                    19887.654296875
                ],
                [
                    4966.265625,
                    3.410407066345215,
                    19874.5546875
                ],
                [
                    5586.71875,
                    640.8372192382813,
                    12643.794921875
                ],
                [
                    6202.34375,
                    689.8477172851563,
                    12462.947265625
                ],
                [
                    6926.09375,
                    27.516616821289064,
                    16098.9111328125
                ],
                [
                    7148.859375,
                    682.5038452148438,
                    12369.2177734375
                ],
                [
                    7148.359375,
                    682.4661254882813,
                    12375.94921875
                ],
                [
                    7148.625,
                    682.5016479492188,
                    12372.5947265625
                ],
                [
                    7148.1875,
                    682.4744262695313,
                    12379.3173828125
                ],
                [
                    7358.1875,
                    653.265869140625,
                    12558.87109375
                ],
                [
                    10667.8125,
                    14.636513710021973,
                    10929.6904296875
                ],
                [
                    11270.375,
                    15.056936264038086,
                    10865.5185546875
                ],
                [
                    11271.625,
                    15.056961059570313,
                    10856.9033203125
                ],
                [
                    11268.875,
                    15.05693531036377,
                    10874.0712890625
                ],
                [
                    11354.4375,
                    15.042963981628418,
                    11869.7724609375
                ],
                [
